decompiler,binary,r2i
Dewolf,survey,0.6772305821113461
Ghidra,survey,0.1849594372447524
IDA,survey,0.540940331861883
