decompiler,binary,address,asm,assignment,bitwise,branch_case,branch_if,branch_ternary,branch_total,broken_dowhile,cast,comma,cond_depth,fix,goto,if_depth,if_in_loop,invalid_form,invalid_funccall,invalid_ir,invalid_jump,label,loc,local,lol,loop_depth,loop_dowhile,loop_for,loop_total,loop_while,operator,prop_branch_case,prop_branch_if,prop_branch_ternary,prop_loop_dowhile,prop_loop_for,prop_loop_while,ref_direct,ref_structured,strcmp_bare,strcmp_not,token,undefined,unimplemented,unknown,unknown_op,r2i
Dewolf,survey,0x401c3d,0,0.002583979346794063,0.0,0,0,0,0.0697674423634397,0,0.0697674423634397,0,0,0,0,0.04651162680043267,0,0,0,0,0,0,0.04651162680043267,0.0697674423634397,0.031007751921218674,0,0,0,0.0697674423634397,0,0.0697674423634397,0.017441860050162253,0.023255813400216336,0,0,0.017441860050162253,0.0,0.004103967197849393,0.0,0,0,0.0697674423634397,0.0697674423634397,0,0,0,0.6772305821113461
Ghidra,survey,0x401c3d,0,0.004103967197849393,0.0,0,0,0,0.0023255814121146564,0,0.004103967197849393,0,0,0,0,0.0015003750580784732,0,0,0,0,0,0,0.0007883326576344519,0.008720930295429963,0.023255813940914007,0,0,0,0.0697674423634397,0,0.0021802325738574904,0.0,0.011627906700108168,0,0,0.017441860050162253,0.0,0.003875969020191095,0.0,0,0,0.0003833375954035149,0.03488372118171985,0,0,0,0.18495943724475242
IDA,survey,0x401c3d,0,0.0697674423634397,0.0,0,0,0,0.007751938040382187,0,0.0697674423634397,0,0,0,0,0.004651162680043266,0,0,0,0,0,0,0.002325581340021634,0.009966777480491386,0.09302325576365603,0,0,0,0.03488372118171985,0,0.011627907060573284,0.0,0.011627906700108168,0,0,0.0,0.011627906700108168,0.0697674423634397,0.0656634751655903,0,0,0.008720930295429963,0.0697674423634397,0,0,0,0.540940331861883
